{
  "weights": {
    "DGP": 0.3,
    "OPI": 0.5,
    "CPF": 0.2
  },
  "constants": {
    "MU": 398600441800000.0,
    "R_EARTH_KM": 6378.137,
    "CD": 2.2,
    "B_REF": 100.0,
    "material_default": 1.0,
    "fp_default": 0.5
  },
  "gating": {
    "rel_full_km": 1600.0,
    "rel_taper_km": 2000.0,
    "rel_high": 0.25,
    "rel_unknown": 0.5,
    "active_factor": 0.4
  },
  "normalization": {
    "DGP": {
      "type": "log10_minmax",
      "lo": -0.6663839021057466,
      "hi": 3.0674288335795485
    },
    "OPI": {
      "type": "log10_minmax",
      "lo": -1.3010299956639813,
      "hi": 5.0,
      "life_floor_yr": 0.05,
      "life_cap_yr": 100000.0
    },
    "CPF": {
      "type": "log10_minmax",
      "lo": -9.49571011578479,
      "hi": -4.927139576507358
    }
  },
  "fp_by_class": {
    "Rocket Body": 1.0,
    "Payload": 0.6,
    "Unknown": 0.5,
    "Payload Mission Related Object": 0.35,
    "Rocket Mission Related Object": 0.4,
    "Payload Fragmentation Debris": 0.15,
    "Rocket Fragmentation Debris": 0.15,
    "Payload Debris": 0.1,
    "Rocket Debris": 0.1,
    "Other Debris": 0.1,
    "Other Mission Related Object": 0.35
  },
  "kh_lifetime": {
    "alt_km": [
      300,
      400,
      500,
      600,
      700,
      800,
      900,
      1000,
      1200,
      1500,
      2000
    ],
    "life_yr": [
      0.3,
      1.0,
      8.0,
      30.0,
      120,
      350,
      900,
      2000,
      8000,
      30000,
      200000
    ]
  },
  "spatial_density": {
    "alt_low_km": [
      200,
      225,
      250,
      275,
      300,
      325,
      350,
      375,
      400,
      425,
      450,
      475,
      500,
      525,
      550,
      575,
      600,
      625,
      650,
      675,
      700,
      725,
      750,
      775,
      800,
      825,
      850,
      875,
      900,
      925,
      950,
      975,
      1000,
      1025,
      1050,
      1075,
      1100,
      1125,
      1150,
      1175,
      1200,
      1225,
      1250,
      1275,
      1300,
      1325,
      1350,
      1375,
      1400,
      1425,
      1450,
      1475,
      1500,
      1525,
      1550,
      1575,
      1600,
      1625,
      1650,
      1675,
      1700,
      1725,
      1750,
      1775,
      1800,
      1825,
      1850,
      1875,
      1900,
      1925,
      1950,
      1975
    ],
    "alt_high_km": [
      225,
      250,
      275,
      300,
      325,
      350,
      375,
      400,
      425,
      450,
      475,
      500,
      525,
      550,
      575,
      600,
      625,
      650,
      675,
      700,
      725,
      750,
      775,
      800,
      825,
      850,
      875,
      900,
      925,
      950,
      975,
      1000,
      1025,
      1050,
      1075,
      1100,
      1125,
      1150,
      1175,
      1200,
      1225,
      1250,
      1275,
      1300,
      1325,
      1350,
      1375,
      1400,
      1425,
      1450,
      1475,
      1500,
      1525,
      1550,
      1575,
      1600,
      1625,
      1650,
      1675,
      1700,
      1725,
      1750,
      1775,
      1800,
      1825,
      1850,
      1875,
      1900,
      1925,
      1950,
      1975,
      2000
    ],
    "density": [
      1.0992236943799432e-09,
      1.3818467343191726e-09,
      2.887288120389452e-09,
      3.8686555189561606e-09,
      5.617483138224981e-09,
      1.9126895726008095e-08,
      5.5694829435319724e-08,
      1.1056797916796777e-08,
      1.870673080771518e-08,
      1.9597594608023937e-08,
      2.2284374419631162e-07,
      3.199506733316583e-07,
      5.135227364419012e-08,
      1.0808646189483348e-07,
      6.832372473356972e-08,
      3.962460291082202e-08,
      2.7617350928851556e-08,
      3.7445015244874714e-08,
      2.3694749948297385e-08,
      3.238998473068486e-08,
      3.2288609927605345e-08,
      3.5205469315656566e-08,
      4.719517136360998e-08,
      5.6041339835239374e-08,
      5.1096723432751567e-08,
      4.8603491418916585e-08,
      4.4504109965299225e-08,
      3.41286207706749e-08,
      2.6229672111909052e-08,
      2.4742224305603965e-08,
      2.6995937298858392e-08,
      3.3618916216344786e-08,
      1.334508830004966e-08,
      1.2618545099045838e-08,
      1.5983588117624816e-08,
      1.2107426559237788e-08,
      9.757547366533813e-09,
      1.3242988365110729e-08,
      8.508975006813267e-09,
      2.3578956910115268e-08,
      2.253997612525344e-08,
      3.732039052745745e-09,
      7.906032724624717e-09,
      6.391977685666986e-09,
      3.2828795894284382e-09,
      4.812255556697183e-09,
      3.6656030859242302e-09,
      4.9088360693527285e-09,
      1.242945717566829e-08,
      1.1464197977950736e-08,
      1.0925203100874152e-08,
      1.5177630583026896e-08,
      8.077607039906224e-09,
      5.740589206186302e-09,
      5.098711702610285e-09,
      6.1202417717449625e-09,
      3.0908551925687474e-09,
      2.47710089934038e-09,
      2.018611402323026e-09,
      2.1529062144172256e-09,
      1.4588330843172112e-09,
      9.66572762078926e-10,
      1.0086774264557455e-09,
      7.638175476296927e-10,
      3.7958095954198175e-10,
      7.073894312981476e-10,
      3.74988728176117e-10,
      4.659047509817387e-10,
      5.557189976863817e-10,
      3.2222319109747805e-10,
      2.7453809254194147e-10,
      7.277324739445615e-10
    ]
  },
  "total_ors_sum": 12622.520000022505,
  "scored_count": 53879,
  "contribution": {
    "basis": "flow (annual new-launch levy)",
    "fund_target_usd": 1000000000,
    "assess_window_yr": 3,
    "annual_flow_ors": 940.4929728615538,
    "price_per_ors_usd": 1063272.165614794
  },
  "generated": "2026-07-02"
}